,date_interval,Inbound,Outbound,Shift
0,2017-12-31,12.0,1.0,2.0
1,2018-01-01,17.0,41.0,9.0
2,2018-01-02,29.0,27.0,10.0
3,2018-01-03,34.0,38.0,16.0
4,2018-01-04,30.0,23.0,16.0
5,2018-01-05,27.0,38.0,18.0
6,2018-01-06,31.0,30.0,11.0
7,2018-01-07,35.0,29.0,8.0
8,2018-01-08,23.0,35.0,20.0
9,2018-01-09,31.0,33.0,9.0
10,2018-01-10,30.0,29.0,17.0
11,2018-01-11,35.0,44.0,16.0
12,2018-01-12,29.0,27.0,15.0
13,2018-01-13,29.0,30.0,5.0
14,2018-01-14,32.0,47.0,14.0
15,2018-01-15,38.0,34.0,16.0
16,2018-01-16,21.0,26.0,8.0
17,2018-01-17,24.0,28.0,9.0
18,2018-01-18,26.0,34.0,17.0
19,2018-01-19,33.0,32.0,14.0
20,2018-01-20,24.0,23.0,5.0
21,2018-01-21,10.0,16.0,3.0
22,2018-01-22,33.0,36.0,17.0
23,2018-01-23,31.0,56.0,16.0
24,2018-01-24,39.0,55.0,10.0
25,2018-01-25,47.0,40.0,10.0
26,2018-01-26,42.0,43.0,14.0
27,2018-01-27,24.0,9.0,12.0
28,2018-01-28,38.0,38.0,13.0
29,2018-01-29,28.0,51.0,17.0
30,2018-01-30,39.0,42.0,26.0
31,2018-01-31,31.0,25.0,8.0
32,2018-02-01,31.0,39.0,18.0
33,2018-02-02,47.0,53.0,20.0
34,2018-02-03,42.0,35.0,12.0
35,2018-02-04,46.0,40.0,17.0
36,2018-02-05,25.0,36.0,16.0
37,2018-02-06,10.0,12.0,0.0
38,2018-02-07,50.0,49.0,12.0
39,2018-02-08,40.0,47.0,17.0
40,2018-02-09,28.0,45.0,26.0
41,2018-02-10,12.0,30.0,9.0
42,2018-02-11,44.0,45.0,20.0
43,2018-02-12,38.0,45.0,20.0
44,2018-02-13,37.0,36.0,19.0
45,2018-02-14,20.0,19.0,16.0
46,2018-02-15,34.0,20.0,17.0
47,2018-02-16,40.0,32.0,18.0
48,2018-02-17,20.0,45.0,11.0
49,2018-02-18,23.0,22.0,23.0
50,2018-02-19,32.0,55.0,25.0
51,2018-02-20,30.0,54.0,29.0
52,2018-02-21,33.0,45.0,24.0
53,2018-02-22,49.0,32.0,19.0
54,2018-02-23,33.0,14.0,22.0
55,2018-02-24,30.0,56.0,12.0
56,2018-02-25,34.0,48.0,9.0
57,2018-02-26,35.0,47.0,18.0
58,2018-02-27,45.0,53.0,17.0
59,2018-02-28,43.0,54.0,8.0
60,2018-03-01,46.0,51.0,26.0
61,2018-03-02,48.0,47.0,12.0
62,2018-03-03,34.0,43.0,7.0
63,2018-03-04,41.0,48.0,17.0
64,2018-03-05,49.0,54.0,18.0
65,2018-03-06,41.0,58.0,16.0
66,2018-03-07,50.0,45.0,18.0
67,2018-03-08,31.0,42.0,17.0
68,2018-03-09,55.0,47.0,15.0
69,2018-03-10,43.0,43.0,13.0
70,2018-03-11,36.0,43.0,19.0
71,2018-03-12,42.0,40.0,6.0
72,2018-03-13,34.0,36.0,15.0
73,2018-03-14,35.0,45.0,17.0
74,2018-03-15,37.0,35.0,13.0
75,2018-03-16,31.0,36.0,9.0
76,2018-03-17,43.0,42.0,9.0
77,2018-03-18,28.0,54.0,4.0
78,2018-03-19,28.0,25.0,16.0
79,2018-03-20,10.0,16.0,7.0
80,2018-03-21,45.0,43.0,18.0
81,2018-03-22,1.0,9.0,1.0
82,2018-03-23,11.0,11.0,15.0
83,2018-03-24,23.0,25.0,6.0
84,2018-03-25,49.0,41.0,9.0
85,2018-03-26,38.0,43.0,19.0
86,2018-03-27,45.0,43.0,14.0
87,2018-03-28,40.0,50.0,20.0
88,2018-03-29,44.0,47.0,12.0
89,2018-03-30,31.0,31.0,9.0
90,2018-03-31,37.0,30.0,11.0
91,2018-04-01,27.0,36.0,9.0
92,2018-04-02,36.0,42.0,20.0
93,2018-04-03,47.0,48.0,14.0
94,2018-04-04,16.0,32.0,24.0
95,2018-04-05,18.0,8.0,12.0
96,2018-04-06,39.0,39.0,13.0
97,2018-04-07,35.0,38.0,6.0
98,2018-04-08,31.0,39.0,9.0
99,2018-04-09,44.0,39.0,10.0
100,2018-04-10,24.0,34.0,9.0
101,2018-04-11,33.0,36.0,16.0
102,2018-04-12,44.0,50.0,10.0
103,2018-04-13,33.0,43.0,12.0
104,2018-04-14,31.0,29.0,11.0
105,2018-04-15,36.0,40.0,10.0
106,2018-04-16,31.0,36.0,9.0
107,2018-04-17,38.0,40.0,21.0
108,2018-04-18,35.0,47.0,14.0
109,2018-04-19,43.0,45.0,11.0
110,2018-04-20,42.0,36.0,13.0
111,2018-04-21,45.0,49.0,12.0
112,2018-04-22,31.0,54.0,7.0
113,2018-04-23,35.0,40.0,17.0
114,2018-04-24,40.0,51.0,12.0
115,2018-04-25,31.0,33.0,12.0
116,2018-04-26,37.0,37.0,17.0
117,2018-04-27,28.0,42.0,14.0
118,2018-04-28,36.0,36.0,6.0
119,2018-04-29,40.0,30.0,7.0
120,2018-04-30,36.0,45.0,14.0
121,2018-05-01,41.0,39.0,13.0
122,2018-05-02,46.0,35.0,11.0
123,2018-05-03,38.0,44.0,6.0
124,2018-05-04,29.0,37.0,11.0
125,2018-05-05,40.0,37.0,6.0
126,2018-05-06,26.0,34.0,6.0
127,2018-05-07,30.0,29.0,9.0
128,2018-05-08,31.0,43.0,4.0
129,2018-05-09,35.0,35.0,8.0
130,2018-05-10,38.0,44.0,16.0
131,2018-05-11,42.0,53.0,20.0
132,2018-05-12,45.0,39.0,8.0
133,2018-05-13,34.0,45.0,18.0
134,2018-05-14,36.0,45.0,8.0
135,2018-05-15,48.0,50.0,12.0
136,2018-05-16,35.0,32.0,20.0
137,2018-05-17,38.0,44.0,15.0
138,2018-05-18,37.0,49.0,13.0
139,2018-05-19,40.0,39.0,13.0
140,2018-05-20,32.0,22.0,18.0
141,2018-05-21,37.0,52.0,13.0
142,2018-05-22,42.0,34.0,23.0
143,2018-05-23,38.0,39.0,7.0
144,2018-05-24,29.0,43.0,9.0
145,2018-05-25,45.0,36.0,13.0
146,2018-05-26,33.0,48.0,11.0
147,2018-05-27,28.0,32.0,10.0
148,2018-05-28,39.0,36.0,5.0
149,2018-05-29,31.0,36.0,10.0
150,2018-05-30,34.0,41.0,5.0
151,2018-05-31,32.0,30.0,11.0
152,2018-06-01,42.0,48.0,15.0
153,2018-06-02,22.0,30.0,12.0
154,2018-06-03,26.0,31.0,12.0
155,2018-06-04,35.0,35.0,10.0
156,2018-06-05,33.0,35.0,14.0
157,2018-06-06,29.0,35.0,9.0
158,2018-06-07,38.0,41.0,10.0
159,2018-06-08,32.0,35.0,12.0
160,2018-06-09,36.0,31.0,11.0
161,2018-06-10,33.0,36.0,7.0
162,2018-06-11,28.0,37.0,11.0
163,2018-06-12,28.0,33.0,20.0
164,2018-06-13,40.0,44.0,11.0
165,2018-06-14,32.0,40.0,14.0
166,2018-06-15,32.0,38.0,13.0
167,2018-06-16,31.0,35.0,9.0
168,2018-06-17,27.0,29.0,17.0
169,2018-06-18,23.0,23.0,19.0
170,2018-06-19,34.0,44.0,10.0
171,2018-06-20,30.0,36.0,6.0
172,2018-06-21,42.0,40.0,19.0
173,2018-06-22,32.0,38.0,21.0
174,2018-06-23,35.0,48.0,10.0
175,2018-06-24,47.0,51.0,16.0
176,2018-06-25,48.0,40.0,11.0
177,2018-06-26,32.0,55.0,15.0
178,2018-06-27,50.0,62.0,18.0
179,2018-06-28,44.0,53.0,21.0
180,2018-06-29,42.0,36.0,15.0
181,2018-06-30,38.0,40.0,11.0
182,2018-07-01,43.0,51.0,7.0
183,2018-07-02,32.0,33.0,14.0
184,2018-07-03,49.0,47.0,13.0
185,2018-07-04,45.0,47.0,11.0
186,2018-07-05,49.0,53.0,8.0
187,2018-07-06,46.0,43.0,18.0
188,2018-07-07,25.0,36.0,15.0
189,2018-07-08,32.0,34.0,10.0
190,2018-07-09,40.0,43.0,15.0
191,2018-07-10,46.0,34.0,12.0
192,2018-07-11,30.0,39.0,7.0
193,2018-07-12,36.0,38.0,4.0
194,2018-07-13,33.0,38.0,5.0
195,2018-07-14,33.0,34.0,3.0
196,2018-07-15,33.0,37.0,12.0
197,2018-07-16,26.0,39.0,11.0
198,2018-07-17,34.0,42.0,14.0
199,2018-07-18,35.0,45.0,16.0
200,2018-07-19,39.0,41.0,16.0
201,2018-07-20,33.0,30.0,14.0
202,2018-07-21,35.0,38.0,15.0
203,2018-07-22,33.0,32.0,11.0
204,2018-07-23,24.0,40.0,14.0
205,2018-07-24,35.0,44.0,5.0
206,2018-07-25,38.0,41.0,4.0
207,2018-07-26,38.0,45.0,6.0
208,2018-07-27,42.0,43.0,4.0
209,2018-07-28,29.0,41.0,11.0
210,2018-07-29,33.0,35.0,5.0
211,2018-07-30,37.0,49.0,6.0
212,2018-07-31,39.0,43.0,14.0
213,2018-08-01,45.0,48.0,8.0
214,2018-08-02,42.0,39.0,10.0
215,2018-08-03,43.0,34.0,11.0
216,2018-08-04,31.0,33.0,8.0
217,2018-08-05,42.0,39.0,11.0
218,2018-08-06,33.0,42.0,8.0
219,2018-08-07,47.0,55.0,11.0
220,2018-08-08,24.0,48.0,13.0
221,2018-08-09,45.0,40.0,14.0
222,2018-08-10,31.0,29.0,9.0
223,2018-08-11,34.0,27.0,8.0
224,2018-08-12,32.0,35.0,12.0
225,2018-08-13,39.0,32.0,7.0
226,2018-08-14,33.0,31.0,16.0
227,2018-08-15,38.0,34.0,22.0
228,2018-08-16,26.0,26.0,9.0
229,2018-08-17,33.0,33.0,12.0
230,2018-08-18,26.0,39.0,10.0
231,2018-08-19,30.0,38.0,15.0
232,2018-08-20,26.0,26.0,18.0
233,2018-08-21,37.0,37.0,9.0
234,2018-08-22,24.0,32.0,9.0
235,2018-08-23,27.0,28.0,25.0
236,2018-08-24,29.0,27.0,21.0
237,2018-08-25,35.0,36.0,12.0
238,2018-08-26,22.0,40.0,11.0
239,2018-08-27,39.0,38.0,13.0
240,2018-08-28,25.0,41.0,21.0
241,2018-08-29,30.0,33.0,14.0
242,2018-08-30,33.0,28.0,16.0
243,2018-08-31,38.0,23.0,9.0
244,2018-09-01,20.0,40.0,7.0
245,2018-09-02,27.0,30.0,11.0
246,2018-09-03,29.0,31.0,16.0
247,2018-09-04,28.0,46.0,15.0
248,2018-09-05,41.0,37.0,10.0
249,2018-09-06,35.0,26.0,11.0
250,2018-09-07,29.0,30.0,7.0
251,2018-09-08,19.0,31.0,11.0
252,2018-09-09,28.0,38.0,6.0
253,2018-09-10,38.0,36.0,11.0
254,2018-09-11,29.0,44.0,4.0
255,2018-09-12,36.0,47.0,9.0
256,2018-09-13,30.0,35.0,10.0
257,2018-09-14,34.0,25.0,6.0
258,2018-09-15,38.0,39.0,9.0
259,2018-09-16,23.0,36.0,7.0
260,2018-09-17,39.0,35.0,18.0
261,2018-09-18,27.0,37.0,15.0
262,2018-09-19,32.0,40.0,13.0
263,2018-09-20,40.0,41.0,6.0
264,2018-09-21,36.0,25.0,4.0
265,2018-09-22,34.0,39.0,8.0
266,2018-09-23,27.0,32.0,8.0
267,2018-09-24,39.0,34.0,10.0
268,2018-09-25,35.0,36.0,10.0
269,2018-09-26,24.0,34.0,9.0
270,2018-09-27,47.0,45.0,8.0
271,2018-09-28,34.0,40.0,13.0
272,2018-09-29,43.0,42.0,9.0
273,2018-09-30,34.0,29.0,8.0
274,2018-10-01,26.0,40.0,8.0
275,2018-10-02,40.0,34.0,7.0
276,2018-10-03,32.0,29.0,7.0
277,2018-10-04,35.0,32.0,7.0
278,2018-10-05,41.0,31.0,8.0
279,2018-10-06,22.0,36.0,5.0
280,2018-10-07,28.0,28.0,6.0
281,2018-10-08,26.0,25.0,13.0
282,2018-10-09,26.0,35.0,11.0
283,2018-10-10,28.0,35.0,6.0
284,2018-10-11,38.0,33.0,9.0
285,2018-10-12,21.0,41.0,14.0
286,2018-10-13,48.0,37.0,10.0
287,2018-10-14,26.0,29.0,13.0
288,2018-10-15,41.0,52.0,8.0
289,2018-10-16,33.0,32.0,7.0
290,2018-10-17,41.0,34.0,7.0
291,2018-10-18,23.0,31.0,16.0
292,2018-10-19,36.0,37.0,16.0
293,2018-10-20,41.0,33.0,9.0
294,2018-10-21,25.0,28.0,9.0
295,2018-10-22,37.0,44.0,15.0
296,2018-10-23,27.0,33.0,11.0
297,2018-10-24,28.0,30.0,8.0
298,2018-10-25,33.0,36.0,13.0
299,2018-10-26,23.0,32.0,9.0
300,2018-10-27,41.0,39.0,8.0
301,2018-10-28,27.0,32.0,5.0
302,2018-10-29,39.0,46.0,5.0
303,2018-10-30,34.0,33.0,14.0
304,2018-10-31,34.0,35.0,10.0
305,2018-11-01,38.0,33.0,14.0
306,2018-11-02,27.0,31.0,22.0
307,2018-11-03,33.0,35.0,24.0
308,2018-11-04,25.0,35.0,26.0
309,2018-11-05,27.0,32.0,23.0
310,2018-11-06,29.0,36.0,34.0
311,2018-11-07,31.0,28.0,36.0
312,2018-11-08,32.0,51.0,21.0
313,2018-11-09,36.0,35.0,16.0
314,2018-11-10,40.0,44.0,7.0
315,2018-11-11,41.0,31.0,17.0
316,2018-11-12,28.0,53.0,15.0
317,2018-11-13,34.0,32.0,15.0
318,2018-11-14,48.0,47.0,10.0
319,2018-11-15,49.0,39.0,16.0
320,2018-11-16,31.0,38.0,19.0
321,2018-11-17,39.0,45.0,11.0
322,2018-11-18,37.0,39.0,17.0
323,2018-11-19,32.0,45.0,17.0
324,2018-11-20,25.0,42.0,8.0
325,2018-11-21,35.0,41.0,20.0
326,2018-11-22,52.0,35.0,20.0
327,2018-11-23,34.0,42.0,15.0
328,2018-11-24,42.0,49.0,14.0
329,2018-11-25,33.0,40.0,13.0
330,2018-11-26,38.0,42.0,10.0
331,2018-11-27,36.0,41.0,14.0
332,2018-11-28,34.0,44.0,11.0
333,2018-11-29,39.0,36.0,11.0
334,2018-11-30,34.0,46.0,14.0
335,2018-12-01,36.0,40.0,13.0
336,2018-12-02,35.0,49.0,9.0
337,2018-12-03,35.0,42.0,9.0
338,2018-12-04,42.0,41.0,9.0
339,2018-12-05,40.0,47.0,12.0
340,2018-12-06,31.0,33.0,25.0
341,2018-12-07,29.0,33.0,5.0
342,2018-12-08,31.0,31.0,4.0
343,2018-12-09,44.0,32.0,9.0
344,2018-12-10,26.0,31.0,15.0
345,2018-12-11,37.0,36.0,21.0
346,2018-12-12,34.0,55.0,27.0
347,2018-12-13,34.0,36.0,14.0
348,2018-12-14,27.0,35.0,16.0
349,2018-12-15,44.0,35.0,11.0
350,2018-12-16,29.0,34.0,12.0
351,2018-12-17,26.0,37.0,22.0
352,2018-12-18,34.0,36.0,20.0
353,2018-12-19,30.0,38.0,12.0
354,2018-12-20,29.0,44.0,20.0
355,2018-12-21,43.0,31.0,12.0
356,2018-12-22,27.0,36.0,11.0
357,2018-12-23,27.0,23.0,13.0
358,2018-12-24,34.0,39.0,18.0
359,2018-12-25,17.0,24.0,11.0
360,2018-12-26,22.0,41.0,18.0
361,2018-12-27,25.0,20.0,23.0
362,2018-12-28,38.0,28.0,12.0
363,2018-12-29,12.0,29.0,17.0
364,2018-12-30,36.0,32.0,10.0
365,2018-12-31,26.0,25.0,21.0
366,2019-01-01,19.0,38.0,13.0
367,2019-01-02,30.0,40.0,17.0
368,2019-01-03,37.0,34.0,11.0
369,2019-01-04,36.0,21.0,20.0
370,2019-01-05,25.0,44.0,22.0
371,2019-01-06,30.0,37.0,10.0
372,2019-01-07,28.0,35.0,20.0
373,2019-01-08,41.0,42.0,20.0
374,2019-01-09,24.0,27.0,17.0
375,2019-01-10,37.0,41.0,19.0
376,2019-01-11,25.0,36.0,23.0
377,2019-01-12,36.0,40.0,14.0
378,2019-01-13,30.0,38.0,21.0
379,2019-01-14,27.0,26.0,21.0
380,2019-01-15,32.0,37.0,18.0
381,2019-01-16,31.0,37.0,26.0
382,2019-01-17,35.0,39.0,9.0
383,2019-01-18,35.0,27.0,12.0
384,2019-01-19,34.0,46.0,13.0
385,2019-01-20,40.0,38.0,14.0
386,2019-01-21,36.0,36.0,16.0
387,2019-01-22,32.0,31.0,12.0
388,2019-01-23,23.0,20.0,19.0
389,2019-01-24,33.0,30.0,26.0
390,2019-01-25,27.0,36.0,6.0
391,2019-01-26,27.0,40.0,9.0
392,2019-01-27,27.0,26.0,9.0
393,2019-01-28,30.0,36.0,8.0
394,2019-01-29,27.0,33.0,10.0
395,2019-01-30,32.0,31.0,16.0
396,2019-01-31,22.0,27.0,10.0
397,2019-02-01,27.0,30.0,10.0
398,2019-02-02,22.0,21.0,9.0
399,2019-02-03,8.0,27.0,6.0
400,2019-02-04,24.0,14.0,11.0
401,2019-02-05,12.0,14.0,4.0
402,2019-02-06,15.0,40.0,9.0
403,2019-02-07,23.0,41.0,18.0
404,2019-02-08,29.0,44.0,11.0
405,2019-02-09,41.0,54.0,7.0
406,2019-02-10,33.0,40.0,8.0
407,2019-02-11,52.0,40.0,6.0
408,2019-02-12,36.0,50.0,12.0
409,2019-02-13,40.0,43.0,14.0
410,2019-02-14,47.0,43.0,24.0
411,2019-02-15,44.0,32.0,22.0
412,2019-02-16,15.0,14.0,8.0
413,2019-02-17,37.0,51.0,11.0
414,2019-02-18,30.0,39.0,21.0
415,2019-02-19,26.0,32.0,10.0
416,2019-02-20,43.0,45.0,24.0
417,2019-02-21,35.0,30.0,10.0
418,2019-02-22,7.0,18.0,5.0
419,2019-02-23,44.0,49.0,15.0
420,2019-02-24,20.0,34.0,27.0
421,2019-02-25,29.0,29.0,9.0
422,2019-02-26,48.0,42.0,18.0
423,2019-02-27,17.0,19.0,4.0
424,2019-02-28,40.0,61.0,10.0
425,2019-03-01,30.0,34.0,17.0
426,2019-03-02,21.0,22.0,8.0
427,2019-03-03,38.0,46.0,5.0
428,2019-03-04,23.0,51.0,12.0
429,2019-03-05,34.0,34.0,20.0
430,2019-03-06,42.0,52.0,15.0
431,2019-03-07,40.0,40.0,13.0
432,2019-03-08,52.0,43.0,18.0
433,2019-03-09,29.0,53.0,9.0
434,2019-03-10,26.0,23.0,5.0
435,2019-03-11,56.0,49.0,11.0
436,2019-03-12,22.0,34.0,8.0
437,2019-03-13,67.0,51.0,15.0
438,2019-03-14,36.0,55.0,22.0
439,2019-03-15,47.0,51.0,10.0
440,2019-03-16,60.0,51.0,11.0
441,2019-03-17,42.0,41.0,18.0
442,2019-03-18,47.0,57.0,15.0
443,2019-03-19,45.0,48.0,14.0
444,2019-03-20,57.0,54.0,13.0
445,2019-03-21,31.0,48.0,15.0
446,2019-03-22,43.0,40.0,9.0
447,2019-03-23,25.0,29.0,11.0
448,2019-03-24,23.0,29.0,5.0
449,2019-03-25,30.0,32.0,11.0
450,2019-03-26,41.0,31.0,13.0
451,2019-03-27,36.0,47.0,8.0
452,2019-03-28,43.0,54.0,15.0
453,2019-03-29,40.0,38.0,9.0
454,2019-03-30,33.0,45.0,14.0
455,2019-03-31,28.0,40.0,4.0
456,2019-04-01,35.0,46.0,11.0
457,2019-04-02,41.0,49.0,15.0
458,2019-04-03,40.0,42.0,16.0
459,2019-04-04,57.0,42.0,14.0
460,2019-04-05,38.0,19.0,11.0
461,2019-04-06,38.0,40.0,5.0
462,2019-04-07,17.0,39.0,5.0
463,2019-04-08,28.0,39.0,9.0
464,2019-04-09,40.0,48.0,13.0
465,2019-04-10,40.0,52.0,12.0
466,2019-04-11,54.0,38.0,14.0
467,2019-04-12,55.0,51.0,14.0
468,2019-04-13,47.0,38.0,10.0
469,2019-04-14,39.0,40.0,7.0
470,2019-04-15,36.0,42.0,11.0
471,2019-04-16,46.0,37.0,12.0
472,2019-04-17,39.0,46.0,8.0
473,2019-04-18,37.0,24.0,8.0
474,2019-04-19,44.0,50.0,8.0
475,2019-04-20,33.0,39.0,9.0
476,2019-04-21,36.0,40.0,11.0
477,2019-04-22,33.0,28.0,13.0
478,2019-04-23,26.0,37.0,11.0
479,2019-04-24,38.0,52.0,8.0
480,2019-04-25,38.0,36.0,14.0
481,2019-04-26,44.0,41.0,10.0
482,2019-04-27,26.0,28.0,16.0
483,2019-04-28,35.0,36.0,9.0
484,2019-04-29,39.0,41.0,7.0
485,2019-04-30,35.0,36.0,22.0
486,2019-05-01,23.0,28.0,14.0
487,2019-05-02,52.0,42.0,16.0
488,2019-05-03,35.0,37.0,12.0
489,2019-05-04,33.0,27.0,9.0
490,2019-05-05,33.0,42.0,3.0
491,2019-05-06,37.0,35.0,12.0
492,2019-05-07,31.0,32.0,7.0
493,2019-05-08,35.0,33.0,9.0
494,2019-05-09,45.0,42.0,12.0
495,2019-05-10,24.0,30.0,20.0
496,2019-05-11,14.0,18.0,6.0
497,2019-05-12,48.0,23.0,8.0
498,2019-05-13,14.0,45.0,11.0
499,2019-05-14,27.0,35.0,10.0
500,2019-05-15,34.0,49.0,16.0
501,2019-05-16,30.0,47.0,15.0
502,2019-05-17,39.0,47.0,12.0
503,2019-05-18,43.0,33.0,17.0
504,2019-05-19,38.0,32.0,9.0
505,2019-05-20,35.0,26.0,18.0
506,2019-05-21,35.0,29.0,17.0
507,2019-05-22,23.0,29.0,16.0
508,2019-05-23,36.0,32.0,15.0
509,2019-05-24,43.0,41.0,14.0
510,2019-05-25,33.0,28.0,8.0
511,2019-05-26,35.0,40.0,9.0
512,2019-05-27,32.0,34.0,11.0
513,2019-05-28,42.0,43.0,15.0
514,2019-05-29,33.0,37.0,15.0
515,2019-05-30,39.0,23.0,6.0
516,2019-05-31,35.0,41.0,9.0
517,2019-06-01,34.0,41.0,9.0
518,2019-06-02,29.0,34.0,5.0
519,2019-06-03,37.0,36.0,16.0
520,2019-06-04,34.0,42.0,7.0
521,2019-06-05,30.0,33.0,6.0
522,2019-06-06,34.0,33.0,9.0
523,2019-06-07,26.0,35.0,12.0
524,2019-06-08,35.0,36.0,14.0
525,2019-06-09,33.0,48.0,5.0
526,2019-06-10,33.0,37.0,12.0
527,2019-06-11,33.0,27.0,14.0
528,2019-06-12,37.0,38.0,8.0
529,2019-06-13,32.0,47.0,7.0
530,2019-06-14,31.0,31.0,7.0
531,2019-06-15,29.0,36.0,5.0
532,2019-06-16,32.0,39.0,15.0
533,2019-06-17,36.0,27.0,7.0
534,2019-06-18,41.0,30.0,18.0
535,2019-06-19,37.0,52.0,15.0
536,2019-06-20,26.0,45.0,13.0
537,2019-06-21,33.0,34.0,9.0
538,2019-06-22,36.0,33.0,7.0
539,2019-06-23,33.0,26.0,12.0
540,2019-06-24,30.0,33.0,12.0
541,2019-06-25,27.0,33.0,6.0
542,2019-06-26,28.0,27.0,14.0
543,2019-06-27,37.0,35.0,17.0
544,2019-06-28,30.0,27.0,8.0
545,2019-06-29,37.0,35.0,10.0
546,2019-06-30,27.0,33.0,12.0
547,2019-07-01,26.0,36.0,13.0
548,2019-07-02,32.0,44.0,8.0
549,2019-07-03,43.0,33.0,7.0
550,2019-07-04,28.0,34.0,8.0
551,2019-07-05,26.0,23.0,3.0
552,2019-07-06,31.0,31.0,7.0
553,2019-07-07,18.0,29.0,6.0
554,2019-07-08,21.0,27.0,6.0
555,2019-07-09,36.0,38.0,14.0
556,2019-07-10,32.0,40.0,0.0
557,2019-07-11,22.0,28.0,7.0
558,2019-07-12,25.0,29.0,12.0
559,2019-07-13,30.0,30.0,8.0
560,2019-07-14,28.0,31.0,5.0
561,2019-07-15,40.0,32.0,8.0
562,2019-07-16,25.0,29.0,9.0
563,2019-07-17,33.0,36.0,8.0
564,2019-07-18,29.0,41.0,10.0
565,2019-07-19,21.0,32.0,6.0
566,2019-07-20,27.0,31.0,8.0
567,2019-07-21,32.0,34.0,1.0
568,2019-07-22,21.0,29.0,10.0
569,2019-07-23,33.0,47.0,16.0
570,2019-07-24,44.0,46.0,4.0
571,2019-07-25,37.0,31.0,15.0
572,2019-07-26,35.0,25.0,6.0
573,2019-07-27,30.0,33.0,9.0
574,2019-07-28,23.0,36.0,9.0
575,2019-07-29,21.0,36.0,8.0
576,2019-07-30,37.0,29.0,5.0
577,2019-07-31,39.0,44.0,14.0
578,2019-08-01,28.0,28.0,13.0
579,2019-08-02,31.0,24.0,10.0
580,2019-08-03,27.0,35.0,4.0
581,2019-08-04,26.0,35.0,4.0
582,2019-08-05,25.0,51.0,4.0
583,2019-08-06,32.0,33.0,5.0
584,2019-08-07,34.0,29.0,6.0
585,2019-08-08,32.0,29.0,12.0
586,2019-08-09,27.0,30.0,13.0
587,2019-08-10,26.0,39.0,10.0
588,2019-08-11,31.0,24.0,9.0
589,2019-08-12,29.0,44.0,8.0
590,2019-08-13,34.0,30.0,9.0
591,2019-08-14,20.0,32.0,7.0
592,2019-08-15,33.0,31.0,10.0
593,2019-08-16,19.0,39.0,12.0
594,2019-08-17,40.0,33.0,15.0
595,2019-08-18,25.0,31.0,6.0
596,2019-08-19,27.0,38.0,9.0
597,2019-08-20,27.0,22.0,6.0
598,2019-08-21,22.0,38.0,10.0
599,2019-08-22,29.0,33.0,12.0
600,2019-08-23,36.0,29.0,10.0
601,2019-08-24,33.0,28.0,7.0
602,2019-08-25,19.0,35.0,10.0
603,2019-08-26,34.0,37.0,14.0
604,2019-08-27,29.0,39.0,17.0
605,2019-08-28,29.0,37.0,15.0
606,2019-08-29,24.0,28.0,10.0
607,2019-08-30,36.0,41.0,11.0
608,2019-08-31,30.0,36.0,18.0
609,2019-09-01,36.0,28.0,9.0
610,2019-09-02,17.0,27.0,13.0
611,2019-09-03,29.0,33.0,9.0
612,2019-09-04,34.0,35.0,11.0
613,2019-09-05,30.0,33.0,11.0
614,2019-09-06,32.0,33.0,26.0
615,2019-09-07,26.0,35.0,12.0
616,2019-09-08,29.0,38.0,5.0
617,2019-09-09,34.0,36.0,10.0
618,2019-09-10,35.0,35.0,15.0
619,2019-09-11,35.0,30.0,10.0
620,2019-09-12,17.0,30.0,6.0
621,2019-09-13,34.0,39.0,18.0
622,2019-09-14,34.0,46.0,12.0
623,2019-09-15,32.0,30.0,5.0
624,2019-09-16,28.0,33.0,7.0
625,2019-09-17,37.0,39.0,7.0
626,2019-09-18,27.0,26.0,4.0
627,2019-09-19,23.0,29.0,2.0
628,2019-09-20,26.0,23.0,4.0
629,2019-09-21,35.0,35.0,13.0
630,2019-09-22,28.0,36.0,10.0
631,2019-09-23,35.0,27.0,12.0
632,2019-09-24,29.0,42.0,7.0
633,2019-09-25,39.0,37.0,11.0
634,2019-09-26,39.0,38.0,14.0
635,2019-09-27,31.0,34.0,5.0
636,2019-09-28,36.0,32.0,6.0
637,2019-09-29,32.0,27.0,6.0
638,2019-09-30,25.0,36.0,11.0
639,2019-10-01,43.0,31.0,14.0
640,2019-10-02,28.0,38.0,21.0
641,2019-10-03,32.0,31.0,21.0
642,2019-10-04,28.0,38.0,7.0
643,2019-10-05,40.0,35.0,10.0
644,2019-10-06,32.0,33.0,6.0
645,2019-10-07,22.0,33.0,6.0
646,2019-10-08,27.0,37.0,22.0
647,2019-10-09,26.0,44.0,10.0
648,2019-10-10,34.0,33.0,10.0
649,2019-10-11,31.0,30.0,13.0
650,2019-10-12,30.0,20.0,14.0
651,2019-10-13,29.0,35.0,10.0
652,2019-10-14,39.0,43.0,6.0
653,2019-10-15,36.0,32.0,13.0
654,2019-10-16,32.0,33.0,7.0
655,2019-10-17,31.0,31.0,10.0
656,2019-10-18,19.0,29.0,14.0
657,2019-10-19,32.0,30.0,16.0
658,2019-10-20,29.0,46.0,3.0
659,2019-10-21,29.0,44.0,7.0
660,2019-10-22,42.0,33.0,7.0
661,2019-10-23,33.0,44.0,12.0
662,2019-10-24,47.0,37.0,10.0
663,2019-10-25,36.0,28.0,7.0
664,2019-10-26,42.0,33.0,17.0
665,2019-10-27,33.0,39.0,13.0
666,2019-10-28,29.0,38.0,7.0
667,2019-10-29,22.0,30.0,12.0
668,2019-10-30,36.0,32.0,8.0
669,2019-10-31,21.0,42.0,5.0
670,2019-11-01,37.0,40.0,8.0
671,2019-11-02,35.0,39.0,13.0
672,2019-11-03,31.0,32.0,11.0
673,2019-11-04,27.0,32.0,12.0
674,2019-11-05,33.0,37.0,13.0
675,2019-11-06,41.0,32.0,15.0
676,2019-11-07,22.0,33.0,9.0
677,2019-11-08,30.0,38.0,12.0
678,2019-11-09,35.0,34.0,9.0
679,2019-11-10,35.0,30.0,12.0
680,2019-11-11,33.0,41.0,4.0
681,2019-11-12,23.0,29.0,10.0
682,2019-11-13,24.0,43.0,6.0
683,2019-11-14,36.0,35.0,10.0
684,2019-11-15,32.0,27.0,11.0
685,2019-11-16,25.0,29.0,9.0
686,2019-11-17,26.0,26.0,16.0
687,2019-11-18,33.0,39.0,7.0
688,2019-11-19,30.0,26.0,7.0
689,2019-11-20,32.0,42.0,9.0
690,2019-11-21,25.0,40.0,12.0
691,2019-11-22,31.0,33.0,13.0
692,2019-11-23,29.0,37.0,6.0
693,2019-11-24,33.0,36.0,10.0
694,2019-11-25,39.0,34.0,12.0
695,2019-11-26,32.0,37.0,12.0
696,2019-11-27,24.0,31.0,9.0
697,2019-11-28,29.0,45.0,6.0
698,2019-11-29,36.0,27.0,6.0
699,2019-11-30,31.0,52.0,5.0
700,2019-12-01,30.0,25.0,10.0
701,2019-12-02,29.0,28.0,12.0
702,2019-12-03,32.0,34.0,5.0
703,2019-12-04,18.0,44.0,21.0
704,2019-12-05,33.0,41.0,7.0
705,2019-12-06,29.0,41.0,14.0
706,2019-12-07,41.0,30.0,17.0
707,2019-12-08,41.0,40.0,9.0
708,2019-12-09,29.0,30.0,10.0
709,2019-12-10,34.0,42.0,9.0
710,2019-12-11,29.0,40.0,13.0
711,2019-12-12,45.0,43.0,12.0
712,2019-12-13,29.0,41.0,12.0
713,2019-12-14,42.0,39.0,14.0
714,2019-12-15,31.0,48.0,11.0
715,2019-12-16,33.0,37.0,9.0
716,2019-12-17,29.0,32.0,9.0
717,2019-12-18,36.0,36.0,14.0
718,2019-12-19,31.0,35.0,10.0
719,2019-12-20,41.0,43.0,7.0
720,2019-12-21,33.0,38.0,10.0
721,2019-12-22,31.0,41.0,15.0
722,2019-12-23,37.0,27.0,16.0
723,2019-12-24,30.0,27.0,5.0
724,2019-12-25,31.0,39.0,8.0
725,2019-12-26,24.0,39.0,17.0
726,2019-12-27,28.0,19.0,11.0
727,2019-12-28,36.0,29.0,4.0
728,2019-12-29,21.0,43.0,9.0
729,2019-12-30,25.0,33.0,12.0
730,2019-12-31,38.0,37.0,28.0
731,2020-01-01,30.0,29.0,13.0
732,2020-01-02,23.0,21.0,7.0
733,2020-01-03,27.0,49.0,12.0
734,2020-01-04,33.0,26.0,14.0
735,2020-01-05,31.0,39.0,6.0
736,2020-01-06,36.0,39.0,13.0
737,2020-01-07,29.0,28.0,10.0
738,2020-01-08,33.0,59.0,8.0
739,2020-01-09,36.0,34.0,7.0
740,2020-01-10,35.0,41.0,6.0
741,2020-01-11,29.0,28.0,17.0
742,2020-01-12,35.0,45.0,11.0
743,2020-01-13,20.0,32.0,12.0
744,2020-01-14,19.0,23.0,11.0
745,2020-01-15,8.0,6.0,7.0
746,2020-01-16,18.0,10.0,6.0
747,2020-01-17,49.0,53.0,7.0
748,2020-01-18,17.0,44.0,5.0
749,2020-01-19,22.0,40.0,6.0
750,2020-01-20,45.0,38.0,11.0
751,2020-01-21,36.0,33.0,10.0
752,2020-01-22,38.0,37.0,7.0
753,2020-01-23,38.0,45.0,5.0
754,2020-01-24,19.0,20.0,13.0
755,2020-01-25,26.0,34.0,9.0
756,2020-01-26,29.0,45.0,9.0
757,2020-01-27,38.0,51.0,11.0
758,2020-01-28,33.0,44.0,13.0
759,2020-01-29,32.0,46.0,19.0
760,2020-01-30,36.0,35.0,16.0
761,2020-01-31,38.0,43.0,13.0
762,2020-02-01,37.0,43.0,16.0
763,2020-02-02,26.0,41.0,14.0
764,2020-02-03,40.0,28.0,11.0
765,2020-02-04,36.0,39.0,12.0
766,2020-02-05,37.0,44.0,15.0
767,2020-02-06,32.0,35.0,10.0
768,2020-02-07,39.0,44.0,10.0
769,2020-02-08,40.0,34.0,15.0
770,2020-02-09,24.0,41.0,3.0
771,2020-02-10,28.0,24.0,4.0
772,2020-02-11,20.0,33.0,6.0
773,2020-02-12,36.0,52.0,4.0
774,2020-02-13,19.0,40.0,15.0
775,2020-02-14,39.0,40.0,11.0
776,2020-02-15,36.0,37.0,18.0
777,2020-02-16,29.0,17.0,7.0
778,2020-02-17,20.0,15.0,5.0
779,2020-02-18,31.0,22.0,2.0
780,2020-02-19,29.0,55.0,11.0
781,2020-02-20,18.0,26.0,9.0
782,2020-02-21,38.0,47.0,8.0
783,2020-02-22,47.0,54.0,15.0
784,2020-02-23,44.0,47.0,14.0
785,2020-02-24,32.0,40.0,5.0
786,2020-02-25,33.0,32.0,10.0
787,2020-02-26,44.0,32.0,9.0
788,2020-02-27,37.0,46.0,13.0
789,2020-02-28,34.0,40.0,19.0
790,2020-02-29,41.0,28.0,8.0
791,2020-03-01,33.0,42.0,9.0
792,2020-03-02,31.0,26.0,6.0
793,2020-03-03,28.0,21.0,8.0
794,2020-03-04,21.0,41.0,7.0
795,2020-03-05,28.0,39.0,9.0
796,2020-03-06,31.0,35.0,11.0
797,2020-03-07,46.0,45.0,11.0
798,2020-03-08,45.0,54.0,19.0
799,2020-03-09,35.0,32.0,19.0
800,2020-03-10,28.0,28.0,10.0
801,2020-03-11,23.0,29.0,15.0
802,2020-03-12,31.0,50.0,8.0
803,2020-03-13,30.0,35.0,19.0
804,2020-03-14,30.0,40.0,14.0
805,2020-03-15,33.0,29.0,5.0
806,2020-03-16,37.0,38.0,13.0
807,2020-03-17,41.0,29.0,7.0
808,2020-03-18,25.0,48.0,8.0
809,2020-03-19,31.0,42.0,11.0
810,2020-03-20,31.0,34.0,13.0
811,2020-03-21,32.0,30.0,16.0
812,2020-03-22,43.0,37.0,8.0
813,2020-03-23,33.0,29.0,4.0
814,2020-03-24,28.0,29.0,10.0
815,2020-03-25,30.0,45.0,10.0
816,2020-03-26,28.0,36.0,5.0
817,2020-03-27,39.0,39.0,9.0
818,2020-03-28,49.0,36.0,6.0
819,2020-03-29,29.0,36.0,10.0
820,2020-03-30,38.0,34.0,6.0
821,2020-03-31,39.0,42.0,12.0
822,2020-04-01,24.0,41.0,7.0
823,2020-04-02,43.0,48.0,12.0
824,2020-04-03,39.0,30.0,11.0
825,2020-04-04,32.0,31.0,13.0
826,2020-04-05,31.0,35.0,11.0
827,2020-04-06,39.0,36.0,9.0
828,2020-04-07,40.0,38.0,7.0
829,2020-04-08,28.0,47.0,5.0
830,2020-04-09,36.0,36.0,9.0
831,2020-04-10,27.0,32.0,13.0
832,2020-04-11,37.0,27.0,6.0
833,2020-04-12,20.0,33.0,13.0
834,2020-04-13,32.0,32.0,12.0
835,2020-04-14,34.0,23.0,8.0
836,2020-04-15,25.0,21.0,16.0
837,2020-04-16,31.0,39.0,14.0
838,2020-04-17,26.0,26.0,13.0
839,2020-04-18,26.0,25.0,11.0
840,2020-04-19,19.0,23.0,10.0
841,2020-04-20,24.0,38.0,12.0
842,2020-04-21,34.0,29.0,3.0
843,2020-04-22,23.0,27.0,10.0
844,2020-04-23,24.0,42.0,8.0
845,2020-04-24,38.0,50.0,17.0
846,2020-04-25,35.0,35.0,11.0
847,2020-04-26,26.0,25.0,7.0
848,2020-04-27,27.0,30.0,12.0
849,2020-04-28,29.0,29.0,12.0
850,2020-04-29,26.0,26.0,12.0
851,2020-04-30,28.0,27.0,17.0
852,2020-05-01,35.0,31.0,17.0
853,2020-05-02,30.0,41.0,12.0
854,2020-05-03,26.0,23.0,19.0
855,2020-05-04,32.0,30.0,21.0
856,2020-05-05,28.0,32.0,6.0
857,2020-05-06,24.0,37.0,11.0
858,2020-05-07,50.0,28.0,7.0
859,2020-05-08,27.0,33.0,11.0
860,2020-05-09,27.0,21.0,17.0
861,2020-05-10,30.0,35.0,12.0
862,2020-05-11,22.0,35.0,12.0
863,2020-05-12,37.0,34.0,14.0
864,2020-05-13,30.0,33.0,10.0
865,2020-05-14,23.0,32.0,6.0
866,2020-05-15,22.0,23.0,18.0
867,2020-05-16,30.0,31.0,13.0
868,2020-05-17,22.0,28.0,12.0
869,2020-05-18,22.0,22.0,7.0
870,2020-05-19,28.0,34.0,9.0
871,2020-05-20,32.0,41.0,13.0
872,2020-05-21,22.0,32.0,17.0
873,2020-05-22,35.0,33.0,18.0
874,2020-05-23,37.0,29.0,6.0
875,2020-05-24,33.0,30.0,5.0
876,2020-05-25,25.0,34.0,4.0
877,2020-05-26,28.0,39.0,6.0
878,2020-05-27,27.0,34.0,9.0
879,2020-05-28,23.0,45.0,11.0
880,2020-05-29,32.0,36.0,8.0
881,2020-05-30,31.0,39.0,10.0
882,2020-05-31,41.0,41.0,7.0
883,2020-06-01,27.0,36.0,11.0
884,2020-06-02,26.0,29.0,4.0
885,2020-06-03,26.0,30.0,7.0
886,2020-06-04,36.0,20.0,11.0
887,2020-06-05,36.0,37.0,5.0
888,2020-06-06,22.0,33.0,8.0
889,2020-06-07,29.0,26.0,6.0
890,2020-06-08,34.0,31.0,12.0
891,2020-06-09,27.0,31.0,7.0
892,2020-06-10,23.0,26.0,11.0
893,2020-06-11,29.0,34.0,8.0
894,2020-06-12,26.0,25.0,5.0
895,2020-06-13,30.0,31.0,6.0
896,2020-06-14,30.0,32.0,7.0
897,2020-06-15,22.0,37.0,19.0
898,2020-06-16,28.0,29.0,10.0
899,2020-06-17,40.0,45.0,20.0
900,2020-06-18,35.0,43.0,8.0
901,2020-06-19,34.0,40.0,12.0
902,2020-06-20,31.0,33.0,13.0
903,2020-06-21,32.0,35.0,10.0
904,2020-06-22,27.0,26.0,13.0
905,2020-06-23,35.0,34.0,9.0
906,2020-06-24,22.0,34.0,18.0
907,2020-06-25,24.0,32.0,14.0
908,2020-06-26,35.0,31.0,4.0
909,2020-06-27,35.0,37.0,9.0
910,2020-06-28,27.0,23.0,10.0
911,2020-06-29,27.0,25.0,15.0
912,2020-06-30,25.0,23.0,9.0
